sigma	1			sigma	0.08
mu	5.00E-01			mu	0.08
Amplitude	8			amplitude	2.14

Time	PRE	EXP	LOG	PRE	EXP	NOR
1E-06	3.99E+05	-2.11E+01	2.14E-03	4.99E+00	-5.00E-01	6.47E+00
0.001	3.99E+02	-6.13E+00	6.98E+00	4.99E+00	-4.88E-01	6.55E+00
0.002	1.99E+02	-5.12E+00	9.57E+00	4.99E+00	-4.75E-01	6.63E+00
0.003	1.33E+02	-4.57E+00	1.10E+01	4.99E+00	-4.63E-01	6.72E+00
0.004	9.97E+01	-4.20E+00	1.20E+01	4.99E+00	-4.51E-01	6.80E+00
0.005	7.98E+01	-3.92E+00	1.26E+01	4.99E+00	-4.39E-01	6.88E+00
0.006	6.65E+01	-3.70E+00	1.31E+01	4.99E+00	-4.28E-01	6.96E+00
0.007	5.70E+01	-3.52E+00	1.34E+01	4.99E+00	-4.16E-01	7.04E+00
0.008	4.99E+01	-3.37E+00	1.37E+01	4.99E+00	-4.05E-01	7.12E+00
0.009	4.43E+01	-3.24E+00	1.39E+01	4.99E+00	-3.94E-01	7.20E+00
0.01	3.99E+01	-3.13E+00	1.40E+01	4.99E+00	-3.83E-01	7.28E+00
0.011	3.63E+01	-3.02E+00	1.41E+01	4.99E+00	-3.72E-01	7.36E+00
0.012	3.32E+01	-2.93E+00	1.42E+01	4.99E+00	-3.61E-01	7.44E+00
0.013	3.07E+01	-2.85E+00	1.42E+01	4.99E+00	-3.51E-01	7.51E+00
0.014	2.85E+01	-2.77E+00	1.43E+01	4.99E+00	-3.40E-01	7.59E+00
0.015	2.66E+01	-2.70E+00	1.43E+01	4.99E+00	-3.30E-01	7.67E+00
0.016	2.49E+01	-2.64E+00	1.43E+01	4.99E+00	-3.20E-01	7.75E+00
0.017	2.35E+01	-2.58E+00	1.43E+01	4.99E+00	-3.10E-01	7.83E+00
0.018	2.22E+01	-2.52E+00	1.43E+01	4.99E+00	-3.00E-01	7.90E+00
0.019	2.10E+01	-2.47E+00	1.43E+01	4.99E+00	-2.91E-01	7.98E+00
0.02	1.99E+01	-2.42E+00	1.42E+01	4.99E+00	-2.81E-01	8.06E+00
0.021	1.90E+01	-2.37E+00	1.42E+01	4.99E+00	-2.72E-01	8.13E+00
0.022	1.81E+01	-2.33E+00	1.41E+01	4.99E+00	-2.63E-01	8.21E+00
0.023	1.73E+01	-2.29E+00	1.41E+01	4.99E+00	-2.54E-01	8.28E+00
0.024	1.66E+01	-2.25E+00	1.41E+01	4.99E+00	-2.45E-01	8.35E+00
0.025	1.60E+01	-2.21E+00	1.40E+01	4.99E+00	-2.36E-01	8.43E+00
0.026	1.53E+01	-2.17E+00	1.40E+01	4.99E+00	-2.28E-01	8.50E+00
0.027	1.48E+01	-2.14E+00	1.39E+01	4.99E+00	-2.19E-01	8.57E+00
0.028	1.42E+01	-2.11E+00	1.39E+01	4.99E+00	-2.11E-01	8.64E+00
0.029	1.38E+01	-2.08E+00	1.38E+01	4.99E+00	-2.03E-01	8.71E+00
0.03	1.33E+01	-2.05E+00	1.38E+01	4.99E+00	-1.95E-01	8.78E+00
0.031	1.29E+01	-2.02E+00	1.37E+01	4.99E+00	-1.88E-01	8.85E+00
0.032	1.25E+01	-1.99E+00	1.36E+01	4.99E+00	-1.80E-01	8.91E+00
0.033	1.21E+01	-1.96E+00	1.36E+01	4.99E+00	-1.73E-01	8.98E+00
0.034	1.17E+01	-1.94E+00	1.35E+01	4.99E+00	-1.65E-01	9.05E+00
0.035	1.14E+01	-1.91E+00	1.35E+01	4.99E+00	-1.58E-01	9.11E+00
0.036	1.11E+01	-1.89E+00	1.34E+01	4.99E+00	-1.51E-01	9.17E+00
0.037	1.08E+01	-1.87E+00	1.33E+01	4.99E+00	-1.44E-01	9.24E+00
0.038	1.05E+01	-1.84E+00	1.33E+01	4.99E+00	-1.38E-01	9.30E+00
0.039	1.02E+01	-1.82E+00	1.32E+01	4.99E+00	-1.31E-01	9.36E+00
0.04	9.97E+00	-1.80E+00	1.32E+01	4.99E+00	-1.25E-01	9.42E+00
0.041	9.73E+00	-1.78E+00	1.31E+01	4.99E+00	-1.19E-01	9.48E+00
0.042	9.50E+00	-1.76E+00	1.31E+01	4.99E+00	-1.13E-01	9.53E+00
0.043	9.28E+00	-1.74E+00	1.30E+01	4.99E+00	-1.07E-01	9.59E+00
0.044	9.07E+00	-1.72E+00	1.29E+01	4.99E+00	-1.01E-01	9.64E+00
0.045	8.87E+00	-1.71E+00	1.29E+01	4.99E+00	-9.57E-02	9.70E+00
0.046	8.67E+00	-1.69E+00	1.28E+01	4.99E+00	-9.03E-02	9.75E+00
0.047	8.49E+00	-1.67E+00	1.28E+01	4.99E+00	-8.51E-02	9.80E+00
0.048	8.31E+00	-1.65E+00	1.27E+01	4.99E+00	-8.00E-02	9.85E+00
0.049	8.14E+00	-1.64E+00	1.27E+01	4.99E+00	-7.51E-02	9.90E+00
0.05	7.98E+00	-1.62E+00	1.26E+01	4.99E+00	-7.03E-02	9.95E+00
0.051	7.82E+00	-1.61E+00	1.26E+01	4.99E+00	-6.57E-02	9.99E+00
0.052	7.67E+00	-1.59E+00	1.25E+01	4.99E+00	-6.13E-02	1.00E+01
0.053	7.53E+00	-1.58E+00	1.24E+01	4.99E+00	-5.70E-02	1.01E+01
0.054	7.39E+00	-1.56E+00	1.24E+01	4.99E+00	-5.28E-02	1.01E+01
0.055	7.25E+00	-1.55E+00	1.23E+01	4.99E+00	-4.88E-02	1.02E+01
0.056	7.12E+00	-1.53E+00	1.23E+01	4.99E+00	-4.50E-02	1.02E+01
0.057	7.00E+00	-1.52E+00	1.22E+01	4.99E+00	-4.13E-02	1.02E+01
0.058	6.88E+00	-1.51E+00	1.22E+01	4.99E+00	-3.78E-02	1.03E+01
0.059	6.76E+00	-1.49E+00	1.21E+01	4.99E+00	-3.45E-02	1.03E+01
0.06	6.65E+00	-1.48E+00	1.21E+01	4.99E+00	-3.13E-02	1.03E+01
0.061	6.54E+00	-1.47E+00	1.20E+01	4.99E+00	-2.82E-02	1.04E+01
0.062	6.43E+00	-1.46E+00	1.20E+01	4.99E+00	-2.53E-02	1.04E+01
0.063	6.33E+00	-1.45E+00	1.19E+01	4.99E+00	-2.26E-02	1.04E+01
0.064	6.23E+00	-1.43E+00	1.19E+01	4.99E+00	-2.00E-02	1.05E+01
0.065	6.14E+00	-1.42E+00	1.18E+01	4.99E+00	-1.76E-02	1.05E+01
0.066	6.04E+00	-1.41E+00	1.18E+01	4.99E+00	-1.53E-02	1.05E+01
0.067	5.95E+00	-1.40E+00	1.17E+01	4.99E+00	-1.32E-02	1.05E+01
0.068	5.87E+00	-1.39E+00	1.17E+01	4.99E+00	-1.13E-02	1.06E+01
0.069	5.78E+00	-1.38E+00	1.16E+01	4.99E+00	-9.45E-03	1.06E+01
0.07	5.70E+00	-1.37E+00	1.16E+01	4.99E+00	-7.81E-03	1.06E+01
0.071	5.62E+00	-1.36E+00	1.15E+01	4.99E+00	-6.33E-03	1.06E+01
0.072	5.54E+00	-1.35E+00	1.15E+01	4.99E+00	-5.00E-03	1.06E+01
0.073	5.46E+00	-1.34E+00	1.15E+01	4.99E+00	-3.83E-03	1.06E+01
0.074	5.39E+00	-1.33E+00	1.14E+01	4.99E+00	-2.81E-03	1.06E+01
0.075	5.32E+00	-1.32E+00	1.14E+01	4.99E+00	-1.95E-03	1.07E+01
0.076	5.25E+00	-1.31E+00	1.13E+01	4.99E+00	-1.25E-03	1.07E+01
0.077	5.18E+00	-1.30E+00	1.13E+01	4.99E+00	-7.03E-04	1.07E+01
0.078	5.11E+00	-1.29E+00	1.12E+01	4.99E+00	-3.13E-04	1.07E+01
0.079	5.05E+00	-1.28E+00	1.12E+01	4.99E+00	-7.81E-05	1.07E+01
0.08	4.99E+00	-1.28E+00	1.11E+01	4.99E+00	-0.00E+00	1.07E+01
0.081	4.93E+00	-1.27E+00	1.11E+01	4.99E+00	-7.81E-05	1.07E+01
0.082	4.87E+00	-1.26E+00	1.11E+01	4.99E+00	-3.13E-04	1.07E+01
0.083	4.81E+00	-1.25E+00	1.10E+01	4.99E+00	-7.03E-04	1.07E+01
0.084	4.75E+00	-1.24E+00	1.10E+01	4.99E+00	-1.25E-03	1.07E+01
0.085	4.69E+00	-1.23E+00	1.09E+01	4.99E+00	-1.95E-03	1.07E+01
0.086	4.64E+00	-1.23E+00	1.09E+01	4.99E+00	-2.81E-03	1.06E+01
0.087	4.59E+00	-1.22E+00	1.09E+01	4.99E+00	-3.83E-03	1.06E+01
0.088	4.53E+00	-1.21E+00	1.08E+01	4.99E+00	-5.00E-03	1.06E+01
0.089	4.48E+00	-1.20E+00	1.08E+01	4.99E+00	-6.33E-03	1.06E+01
0.09	4.43E+00	-1.19E+00	1.07E+01	4.99E+00	-7.81E-03	1.06E+01
0.091	4.38E+00	-1.19E+00	1.07E+01	4.99E+00	-9.45E-03	1.06E+01
0.092	4.34E+00	-1.18E+00	1.07E+01	4.99E+00	-1.13E-02	1.06E+01
0.093	4.29E+00	-1.17E+00	1.06E+01	4.99E+00	-1.32E-02	1.05E+01
0.094	4.24E+00	-1.17E+00	1.06E+01	4.99E+00	-1.53E-02	1.05E+01
0.095	4.20E+00	-1.16E+00	1.05E+01	4.99E+00	-1.76E-02	1.05E+01
0.096	4.16E+00	-1.15E+00	1.05E+01	4.99E+00	-2.00E-02	1.05E+01
0.097	4.11E+00	-1.14E+00	1.05E+01	4.99E+00	-2.26E-02	1.04E+01
0.098	4.07E+00	-1.14E+00	1.04E+01	4.99E+00	-2.53E-02	1.04E+01
0.099	4.03E+00	-1.13E+00	1.04E+01	4.99E+00	-2.82E-02	1.04E+01
0.1	3.99E+00	-1.13E+00	1.04E+01	4.99E+00	-3.13E-02	1.03E+01
0.101	3.95E+00	-1.12E+00	1.03E+01	4.99E+00	-3.45E-02	1.03E+01
0.102	3.91E+00	-1.11E+00	1.03E+01	4.99E+00	-3.78E-02	1.03E+01
0.103	3.87E+00	-1.11E+00	1.03E+01	4.99E+00	-4.13E-02	1.02E+01
0.104	3.84E+00	-1.10E+00	1.02E+01	4.99E+00	-4.50E-02	1.02E+01
0.105	3.80E+00	-1.09E+00	1.02E+01	4.99E+00	-4.88E-02	1.02E+01
0.106	3.76E+00	-1.09E+00	1.01E+01	4.99E+00	-5.28E-02	1.01E+01
0.107	3.73E+00	-1.08E+00	1.01E+01	4.99E+00	-5.70E-02	1.01E+01
0.108	3.69E+00	-1.08E+00	1.01E+01	4.99E+00	-6.13E-02	1.00E+01
0.109	3.66E+00	-1.07E+00	1.00E+01	4.99E+00	-6.57E-02	9.99E+00
0.11	3.63E+00	-1.06E+00	1.00E+01	4.99E+00	-7.03E-02	9.95E+00
0.111	3.59E+00	-1.06E+00	9.98E+00	4.99E+00	-7.51E-02	9.90E+00
0.112	3.56E+00	-1.05E+00	9.95E+00	4.99E+00	-8.00E-02	9.85E+00
0.113	3.53E+00	-1.05E+00	9.92E+00	4.99E+00	-8.51E-02	9.80E+00
0.114	3.50E+00	-1.04E+00	9.88E+00	4.99E+00	-9.03E-02	9.75E+00
0.115	3.47E+00	-1.04E+00	9.85E+00	4.99E+00	-9.57E-02	9.70E+00
0.116	3.44E+00	-1.03E+00	9.82E+00	4.99E+00	-1.01E-01	9.64E+00
0.117	3.41E+00	-1.03E+00	9.79E+00	4.99E+00	-1.07E-01	9.59E+00
0.118	3.38E+00	-1.02E+00	9.76E+00	4.99E+00	-1.13E-01	9.53E+00
0.119	3.35E+00	-1.01E+00	9.72E+00	4.99E+00	-1.19E-01	9.48E+00
0.12	3.32E+00	-1.01E+00	9.69E+00	4.99E+00	-1.25E-01	9.42E+00
0.121	3.30E+00	-1.00E+00	9.66E+00	4.99E+00	-1.31E-01	9.36E+00
0.122	3.27E+00	-9.99E-01	9.63E+00	4.99E+00	-1.38E-01	9.30E+00
0.123	3.24E+00	-9.94E-01	9.60E+00	4.99E+00	-1.44E-01	9.24E+00
0.124	3.22E+00	-9.89E-01	9.57E+00	4.99E+00	-1.51E-01	9.17E+00
0.125	3.19E+00	-9.84E-01	9.54E+00	4.99E+00	-1.58E-01	9.11E+00
0.126	3.17E+00	-9.79E-01	9.51E+00	4.99E+00	-1.65E-01	9.05E+00
0.127	3.14E+00	-9.75E-01	9.48E+00	4.99E+00	-1.73E-01	8.98E+00
0.128	3.12E+00	-9.70E-01	9.45E+00	4.99E+00	-1.80E-01	8.91E+00
0.129	3.09E+00	-9.65E-01	9.42E+00	4.99E+00	-1.88E-01	8.85E+00
0.13	3.07E+00	-9.61E-01	9.39E+00	4.99E+00	-1.95E-01	8.78E+00
0.131	3.05E+00	-9.56E-01	9.37E+00	4.99E+00	-2.03E-01	8.71E+00
0.132	3.02E+00	-9.51E-01	9.34E+00	4.99E+00	-2.11E-01	8.64E+00
0.133	3.00E+00	-9.47E-01	9.31E+00	4.99E+00	-2.19E-01	8.57E+00
0.134	2.98E+00	-9.42E-01	9.28E+00	4.99E+00	-2.28E-01	8.50E+00
0.135	2.96E+00	-9.38E-01	9.25E+00	4.99E+00	-2.36E-01	8.43E+00
0.136	2.93E+00	-9.34E-01	9.23E+00	4.99E+00	-2.45E-01	8.35E+00
0.137	2.91E+00	-9.29E-01	9.20E+00	4.99E+00	-2.54E-01	8.28E+00
0.138	2.89E+00	-9.25E-01	9.17E+00	4.99E+00	-2.63E-01	8.21E+00
0.139	2.87E+00	-9.21E-01	9.14E+00	4.99E+00	-2.72E-01	8.13E+00
0.14	2.85E+00	-9.16E-01	9.12E+00	4.99E+00	-2.81E-01	8.06E+00
0.141	2.83E+00	-9.12E-01	9.09E+00	4.99E+00	-2.91E-01	7.98E+00
0.142	2.81E+00	-9.08E-01	9.06E+00	4.99E+00	-3.00E-01	7.90E+00
0.143	2.79E+00	-9.04E-01	9.04E+00	4.99E+00	-3.10E-01	7.83E+00
0.144	2.77E+00	-9.00E-01	9.01E+00	4.99E+00	-3.20E-01	7.75E+00
0.145	2.75E+00	-8.96E-01	8.99E+00	4.99E+00	-3.30E-01	7.67E+00
0.146	2.73E+00	-8.92E-01	8.96E+00	4.99E+00	-3.40E-01	7.59E+00
0.147	2.71E+00	-8.88E-01	8.93E+00	4.99E+00	-3.51E-01	7.51E+00
0.148	2.70E+00	-8.84E-01	8.91E+00	4.99E+00	-3.61E-01	7.44E+00
0.149	2.68E+00	-8.80E-01	8.88E+00	4.99E+00	-3.72E-01	7.36E+00
0.15	2.66E+00	-8.76E-01	8.86E+00	4.99E+00	-3.83E-01	7.28E+00
0.151	2.64E+00	-8.73E-01	8.83E+00	4.99E+00	-3.94E-01	7.20E+00
0.152	2.62E+00	-8.69E-01	8.81E+00	4.99E+00	-4.05E-01	7.12E+00
0.153	2.61E+00	-8.65E-01	8.78E+00	4.99E+00	-4.16E-01	7.04E+00
0.154	2.59E+00	-8.61E-01	8.76E+00	4.99E+00	-4.28E-01	6.96E+00
0.155	2.57E+00	-8.58E-01	8.73E+00	4.99E+00	-4.39E-01	6.88E+00
0.156	2.56E+00	-8.54E-01	8.71E+00	4.99E+00	-4.51E-01	6.80E+00
0.157	2.54E+00	-8.50E-01	8.69E+00	4.99E+00	-4.63E-01	6.72E+00
0.158	2.52E+00	-8.47E-01	8.66E+00	4.99E+00	-4.75E-01	6.63E+00
0.159	2.51E+00	-8.43E-01	8.64E+00	4.99E+00	-4.88E-01	6.55E+00
0.16	2.49E+00	-8.40E-01	8.61E+00	4.99E+00	-5.00E-01	6.47E+00
0.161	2.48E+00	-8.36E-01	8.59E+00	4.99E+00	-5.13E-01	6.39E+00
0.162	2.46E+00	-8.33E-01	8.57E+00	4.99E+00	-5.25E-01	6.31E+00
0.163	2.45E+00	-8.29E-01	8.54E+00	4.99E+00	-5.38E-01	6.23E+00
0.164	2.43E+00	-8.26E-01	8.52E+00	4.99E+00	-5.51E-01	6.15E+00
0.165	2.42E+00	-8.22E-01	8.50E+00	4.99E+00	-5.64E-01	6.07E+00
0.166	2.40E+00	-8.19E-01	8.48E+00	4.99E+00	-5.78E-01	5.99E+00
0.167	2.39E+00	-8.16E-01	8.45E+00	4.99E+00	-5.91E-01	5.91E+00
0.168	2.37E+00	-8.12E-01	8.43E+00	4.99E+00	-6.05E-01	5.83E+00
0.169	2.36E+00	-8.09E-01	8.41E+00	4.99E+00	-6.19E-01	5.75E+00
0.17	2.35E+00	-8.06E-01	8.39E+00	4.99E+00	-6.33E-01	5.67E+00
0.171	2.33E+00	-8.03E-01	8.36E+00	4.99E+00	-6.47E-01	5.59E+00
0.172	2.32E+00	-7.99E-01	8.34E+00	4.99E+00	-6.61E-01	5.51E+00
0.173	2.31E+00	-7.96E-01	8.32E+00	4.99E+00	-6.76E-01	5.43E+00
0.174	2.29E+00	-7.93E-01	8.30E+00	4.99E+00	-6.90E-01	5.35E+00
0.175	2.28E+00	-7.90E-01	8.28E+00	4.99E+00	-7.05E-01	5.27E+00
0.176	2.27E+00	-7.87E-01	8.26E+00	4.99E+00	-7.20E-01	5.19E+00
0.177	2.25E+00	-7.84E-01	8.23E+00	4.99E+00	-7.35E-01	5.12E+00
0.178	2.24E+00	-7.81E-01	8.21E+00	4.99E+00	-7.50E-01	5.04E+00
0.179	2.23E+00	-7.78E-01	8.19E+00	4.99E+00	-7.66E-01	4.96E+00
0.18	2.22E+00	-7.75E-01	8.17E+00	4.99E+00	-7.81E-01	4.89E+00
0.181	2.20E+00	-7.72E-01	8.15E+00	4.99E+00	-7.97E-01	4.81E+00
0.182	2.19E+00	-7.69E-01	8.13E+00	4.99E+00	-8.13E-01	4.73E+00
0.183	2.18E+00	-7.66E-01	8.11E+00	4.99E+00	-8.29E-01	4.66E+00
0.184	2.17E+00	-7.63E-01	8.09E+00	4.99E+00	-8.45E-01	4.58E+00
0.185	2.16E+00	-7.60E-01	8.07E+00	4.99E+00	-8.61E-01	4.51E+00
0.186	2.14E+00	-7.57E-01	8.05E+00	4.99E+00	-8.78E-01	4.44E+00
0.187	2.13E+00	-7.54E-01	8.03E+00	4.99E+00	-8.94E-01	4.36E+00
0.188	2.12E+00	-7.51E-01	8.01E+00	4.99E+00	-9.11E-01	4.29E+00
0.189	2.11E+00	-7.49E-01	7.99E+00	4.99E+00	-9.28E-01	4.22E+00
0.19	2.10E+00	-7.46E-01	7.97E+00	4.99E+00	-9.45E-01	4.15E+00
0.191	2.09E+00	-7.43E-01	7.95E+00	4.99E+00	-9.63E-01	4.08E+00
0.192	2.08E+00	-7.40E-01	7.93E+00	4.99E+00	-9.80E-01	4.01E+00
0.193	2.07E+00	-7.37E-01	7.91E+00	4.99E+00	-9.98E-01	3.94E+00
0.194	2.06E+00	-7.35E-01	7.89E+00	4.99E+00	-1.02E+00	3.87E+00
0.195	2.05E+00	-7.32E-01	7.87E+00	4.99E+00	-1.03E+00	3.80E+00
0.196	2.04E+00	-7.29E-01	7.85E+00	4.99E+00	-1.05E+00	3.73E+00
0.197	2.03E+00	-7.27E-01	7.83E+00	4.99E+00	-1.07E+00	3.66E+00
0.198	2.01E+00	-7.24E-01	7.81E+00	4.99E+00	-1.09E+00	3.60E+00
0.199	2.00E+00	-7.21E-01	7.80E+00	4.99E+00	-1.11E+00	3.53E+00
0.2	1.99E+00	-7.19E-01	7.78E+00	4.99E+00	-1.13E+00	3.46E+00
0.201	1.98E+00	-7.16E-01	7.76E+00	4.99E+00	-1.14E+00	3.40E+00
0.202	1.97E+00	-7.14E-01	7.74E+00	4.99E+00	-1.16E+00	3.34E+00
0.203	1.97E+00	-7.11E-01	7.72E+00	4.99E+00	-1.18E+00	3.27E+00
0.204	1.96E+00	-7.08E-01	7.70E+00	4.99E+00	-1.20E+00	3.21E+00
0.205	1.95E+00	-7.06E-01	7.69E+00	4.99E+00	-1.22E+00	3.15E+00
0.206	1.94E+00	-7.03E-01	7.67E+00	4.99E+00	-1.24E+00	3.09E+00
0.207	1.93E+00	-7.01E-01	7.65E+00	4.99E+00	-1.26E+00	3.03E+00
0.208	1.92E+00	-6.98E-01	7.63E+00	4.99E+00	-1.28E+00	2.97E+00
0.209	1.91E+00	-6.96E-01	7.61E+00	4.99E+00	-1.30E+00	2.91E+00
0.21	1.90E+00	-6.94E-01	7.60E+00	4.99E+00	-1.32E+00	2.85E+00
0.211	1.89E+00	-6.91E-01	7.58E+00	4.99E+00	-1.34E+00	2.79E+00
0.212	1.88E+00	-6.89E-01	7.56E+00	4.99E+00	-1.36E+00	2.74E+00
0.213	1.87E+00	-6.86E-01	7.54E+00	4.99E+00	-1.38E+00	2.68E+00
0.214	1.86E+00	-6.84E-01	7.53E+00	4.99E+00	-1.40E+00	2.62E+00
0.215	1.86E+00	-6.82E-01	7.51E+00	4.99E+00	-1.42E+00	2.57E+00
0.216	1.85E+00	-6.79E-01	7.49E+00	4.99E+00	-1.45E+00	2.52E+00
0.217	1.84E+00	-6.77E-01	7.47E+00	4.99E+00	-1.47E+00	2.46E+00
0.218	1.83E+00	-6.75E-01	7.46E+00	4.99E+00	-1.49E+00	2.41E+00
0.219	1.82E+00	-6.72E-01	7.44E+00	4.99E+00	-1.51E+00	2.36E+00
0.22	1.81E+00	-6.70E-01	7.42E+00	4.99E+00	-1.53E+00	2.31E+00
0.221	1.81E+00	-6.68E-01	7.41E+00	4.99E+00	-1.55E+00	2.26E+00
0.222	1.80E+00	-6.65E-01	7.39E+00	4.99E+00	-1.58E+00	2.21E+00
0.223	1.79E+00	-6.63E-01	7.37E+00	4.99E+00	-1.60E+00	2.16E+00
0.224	1.78E+00	-6.61E-01	7.36E+00	4.99E+00	-1.62E+00	2.11E+00
0.225	1.77E+00	-6.59E-01	7.34E+00	4.99E+00	-1.64E+00	2.06E+00
0.226	1.77E+00	-6.57E-01	7.32E+00	4.99E+00	-1.67E+00	2.02E+00
0.227	1.76E+00	-6.54E-01	7.31E+00	4.99E+00	-1.69E+00	1.97E+00
0.228	1.75E+00	-6.52E-01	7.29E+00	4.99E+00	-1.71E+00	1.93E+00
0.229	1.74E+00	-6.50E-01	7.28E+00	4.99E+00	-1.73E+00	1.88E+00
0.23	1.73E+00	-6.48E-01	7.26E+00	4.99E+00	-1.76E+00	1.84E+00
0.231	1.73E+00	-6.46E-01	7.24E+00	4.99E+00	-1.78E+00	1.80E+00
0.232	1.72E+00	-6.44E-01	7.23E+00	4.99E+00	-1.81E+00	1.76E+00
0.233	1.71E+00	-6.41E-01	7.21E+00	4.99E+00	-1.83E+00	1.71E+00
0.234	1.70E+00	-6.39E-01	7.20E+00	4.99E+00	-1.85E+00	1.67E+00
0.235	1.70E+00	-6.37E-01	7.18E+00	4.99E+00	-1.88E+00	1.63E+00
0.236	1.69E+00	-6.35E-01	7.17E+00	4.99E+00	-1.90E+00	1.59E+00
0.237	1.68E+00	-6.33E-01	7.15E+00	4.99E+00	-1.93E+00	1.56E+00
0.238	1.68E+00	-6.31E-01	7.13E+00	4.99E+00	-1.95E+00	1.52E+00
0.239	1.67E+00	-6.29E-01	7.12E+00	4.99E+00	-1.98E+00	1.48E+00
0.24	1.66E+00	-6.27E-01	7.10E+00	4.99E+00	-2.00E+00	1.44E+00
0.241	1.66E+00	-6.25E-01	7.09E+00	4.99E+00	-2.03E+00	1.41E+00
0.242	1.65E+00	-6.23E-01	7.07E+00	4.99E+00	-2.05E+00	1.37E+00
0.243	1.64E+00	-6.21E-01	7.06E+00	4.99E+00	-2.08E+00	1.34E+00
0.244	1.64E+00	-6.19E-01	7.04E+00	4.99E+00	-2.10E+00	1.31E+00
0.245	1.63E+00	-6.17E-01	7.03E+00	4.99E+00	-2.13E+00	1.27E+00
0.246	1.62E+00	-6.15E-01	7.01E+00	4.99E+00	-2.15E+00	1.24E+00
0.247	1.62E+00	-6.13E-01	7.00E+00	4.99E+00	-2.18E+00	1.21E+00
0.248	1.61E+00	-6.11E-01	6.98E+00	4.99E+00	-2.21E+00	1.18E+00
0.249	1.60E+00	-6.09E-01	6.97E+00	4.99E+00	-2.23E+00	1.15E+00
0.25	1.60E+00	-6.07E-01	6.96E+00	4.99E+00	-2.26E+00	1.12E+00
0.251	1.59E+00	-6.05E-01	6.94E+00	4.99E+00	-2.28E+00	1.09E+00
0.252	1.58E+00	-6.03E-01	6.93E+00	4.99E+00	-2.31E+00	1.06E+00
0.253	1.58E+00	-6.02E-01	6.91E+00	4.99E+00	-2.34E+00	1.03E+00
0.254	1.57E+00	-6.00E-01	6.90E+00	4.99E+00	-2.37E+00	1.00E+00
0.255	1.56E+00	-5.98E-01	6.88E+00	4.99E+00	-2.39E+00	9.75E-01
0.256	1.56E+00	-5.96E-01	6.87E+00	4.99E+00	-2.42E+00	9.49E-01
0.257	1.55E+00	-5.94E-01	6.86E+00	4.99E+00	-2.45E+00	9.23E-01
0.258	1.55E+00	-5.92E-01	6.84E+00	4.99E+00	-2.48E+00	8.98E-01
0.259	1.54E+00	-5.90E-01	6.83E+00	4.99E+00	-2.50E+00	8.73E-01
0.26	1.53E+00	-5.89E-01	6.81E+00	4.99E+00	-2.53E+00	8.49E-01
0.261	1.53E+00	-5.87E-01	6.80E+00	4.99E+00	-2.56E+00	8.25E-01
0.262	1.52E+00	-5.85E-01	6.79E+00	4.99E+00	-2.59E+00	8.02E-01
0.263	1.52E+00	-5.83E-01	6.77E+00	4.99E+00	-2.62E+00	7.80E-01
0.264	1.51E+00	-5.81E-01	6.76E+00	4.99E+00	-2.65E+00	7.58E-01
0.265	1.51E+00	-5.80E-01	6.75E+00	4.99E+00	-2.67E+00	7.36E-01
0.266	1.50E+00	-5.78E-01	6.73E+00	4.99E+00	-2.70E+00	7.15E-01
0.267	1.49E+00	-5.76E-01	6.72E+00	4.99E+00	-2.73E+00	6.95E-01
0.268	1.49E+00	-5.74E-01	6.70E+00	4.99E+00	-2.76E+00	6.75E-01
0.269	1.48E+00	-5.73E-01	6.69E+00	4.99E+00	-2.79E+00	6.55E-01
0.27	1.48E+00	-5.71E-01	6.68E+00	4.99E+00	-2.82E+00	6.36E-01
0.271	1.47E+00	-5.69E-01	6.66E+00	4.99E+00	-2.85E+00	6.17E-01
0.272	1.47E+00	-5.68E-01	6.65E+00	4.99E+00	-2.88E+00	5.99E-01
0.273	1.46E+00	-5.66E-01	6.64E+00	4.99E+00	-2.91E+00	5.81E-01
0.274	1.46E+00	-5.64E-01	6.63E+00	4.99E+00	-2.94E+00	5.64E-01
0.275	1.45E+00	-5.63E-01	6.61E+00	4.99E+00	-2.97E+00	5.47E-01
0.276	1.45E+00	-5.61E-01	6.60E+00	4.99E+00	-3.00E+00	5.31E-01
0.277	1.44E+00	-5.59E-01	6.59E+00	4.99E+00	-3.03E+00	5.15E-01
0.278	1.44E+00	-5.58E-01	6.57E+00	4.99E+00	-3.06E+00	4.99E-01
0.279	1.43E+00	-5.56E-01	6.56E+00	4.99E+00	-3.09E+00	4.84E-01
0.28	1.42E+00	-5.54E-01	6.55E+00	4.99E+00	-3.13E+00	4.69E-01
0.281	1.42E+00	-5.53E-01	6.54E+00	4.99E+00	-3.16E+00	4.54E-01
0.282	1.41E+00	-5.51E-01	6.52E+00	4.99E+00	-3.19E+00	4.40E-01
0.283	1.41E+00	-5.49E-01	6.51E+00	4.99E+00	-3.22E+00	4.27E-01
0.284	1.40E+00	-5.48E-01	6.50E+00	4.99E+00	-3.25E+00	4.13E-01
0.285	1.40E+00	-5.46E-01	6.49E+00	4.99E+00	-3.28E+00	4.00E-01
0.286	1.39E+00	-5.45E-01	6.47E+00	4.99E+00	-3.32E+00	3.88E-01
0.287	1.39E+00	-5.43E-01	6.46E+00	4.99E+00	-3.35E+00	3.75E-01
0.288	1.39E+00	-5.41E-01	6.45E+00	4.99E+00	-3.38E+00	3.63E-01
0.289	1.38E+00	-5.40E-01	6.44E+00	4.99E+00	-3.41E+00	3.52E-01
0.29	1.38E+00	-5.38E-01	6.42E+00	4.99E+00	-3.45E+00	3.40E-01
0.291	1.37E+00	-5.37E-01	6.41E+00	4.99E+00	-3.48E+00	3.29E-01
0.292	1.37E+00	-5.35E-01	6.40E+00	4.99E+00	-3.51E+00	3.19E-01
0.293	1.36E+00	-5.34E-01	6.39E+00	4.99E+00	-3.54E+00	3.08E-01
0.294	1.36E+00	-5.32E-01	6.38E+00	4.99E+00	-3.58E+00	2.98E-01
0.295	1.35E+00	-5.31E-01	6.36E+00	4.99E+00	-3.61E+00	2.88E-01
0.296	1.35E+00	-5.29E-01	6.35E+00	4.99E+00	-3.65E+00	2.79E-01
0.297	1.34E+00	-5.28E-01	6.34E+00	4.99E+00	-3.68E+00	2.69E-01
0.298	1.34E+00	-5.26E-01	6.33E+00	4.99E+00	-3.71E+00	2.60E-01
0.299	1.33E+00	-5.25E-01	6.32E+00	4.99E+00	-3.75E+00	2.52E-01
0.3	1.33E+00	-5.23E-01	6.30E+00	4.99E+00	-3.78E+00	2.43E-01
0.301	1.33E+00	-5.22E-01	6.29E+00	4.99E+00	-3.82E+00	2.35E-01
0.302	1.32E+00	-5.20E-01	6.28E+00	4.99E+00	-3.85E+00	2.27E-01
0.303	1.32E+00	-5.19E-01	6.27E+00	4.99E+00	-3.89E+00	2.19E-01
0.304	1.31E+00	-5.17E-01	6.26E+00	4.99E+00	-3.92E+00	2.12E-01
0.305	1.31E+00	-5.16E-01	6.25E+00	4.99E+00	-3.96E+00	2.04E-01
0.306	1.30E+00	-5.14E-01	6.24E+00	4.99E+00	-3.99E+00	1.97E-01
0.307	1.30E+00	-5.13E-01	6.22E+00	4.99E+00	-4.03E+00	1.90E-01
0.308	1.30E+00	-5.12E-01	6.21E+00	4.99E+00	-4.06E+00	1.84E-01
0.309	1.29E+00	-5.10E-01	6.20E+00	4.99E+00	-4.10E+00	1.77E-01
0.31	1.29E+00	-5.09E-01	6.19E+00	4.99E+00	-4.13E+00	1.71E-01
0.311	1.28E+00	-5.07E-01	6.18E+00	4.99E+00	-4.17E+00	1.65E-01
0.312	1.28E+00	-5.06E-01	6.17E+00	4.99E+00	-4.21E+00	1.59E-01
0.313	1.27E+00	-5.04E-01	6.16E+00	4.99E+00	-4.24E+00	1.54E-01
0.314	1.27E+00	-5.03E-01	6.15E+00	4.99E+00	-4.28E+00	1.48E-01
0.315	1.27E+00	-5.02E-01	6.13E+00	4.99E+00	-4.31E+00	1.43E-01
0.316	1.26E+00	-5.00E-01	6.12E+00	4.99E+00	-4.35E+00	1.38E-01
0.317	1.26E+00	-4.99E-01	6.11E+00	4.99E+00	-4.39E+00	1.33E-01
0.318	1.25E+00	-4.98E-01	6.10E+00	4.99E+00	-4.43E+00	1.28E-01
0.319	1.25E+00	-4.96E-01	6.09E+00	4.99E+00	-4.46E+00	1.23E-01
0.32	1.25E+00	-4.95E-01	6.08E+00	4.99E+00	-4.50E+00	1.19E-01
0.321	1.24E+00	-4.94E-01	6.07E+00	4.99E+00	-4.54E+00	1.14E-01
