mu	2.7005	2.0012
sigma	0.1491	0.1355
A	4.3855	2.4474

	Function 1			Function 2
X	PRE	EXP	F(x)	PRE	EXP	F(x)
10	11.7341473554694	-65.0381216428911	1.01E-11	7.20569252438721	-27.2981424544873	1.01E-11
20	11.7341473554694	-44.0495936278583	1.15E-05	7.20569252438721	-13.3505272251712	1.15E-05
30	11.7341473554694	-33.6617413941213	4.07E-03	7.20569252438721	-7.47970564819686	4.07E-03
40	11.7341473554694	-27.1373479565393	9.41E-02	7.20569252438721	-4.33852334588892	9.41E-02
50	11.7341473554694	-22.5601840916884	5.99E-01	7.20569252438721	-2.4875197853801	5.99E-01
60	11.7341473554694	-19.1339680362267	1.86E+00	7.20569252438721	-1.35484932681799	1.86E+00
70	11.7341473554694	-16.4571716718251	3.71E+00	7.20569252438721	-0.663602671842445	3.71E+00
80	11.7341473554694	-14.3013846289341	5.54E+00	7.20569252438721	-0.262130816640323	5.54E+00
90	11.7341473554694	-12.5254150032751	6.79E+00	7.20569252438721	-0.060048363169235	6.79E+00
100	11.7341473554694	-11.036490573218	7.21E+00	7.20569252438721	-3.92151522991158E-05	7.21E+00
110	11.7341473554694	-9.77072928242234	6.90E+00	7.20569252438721	-0.043993190186087	6.90E+00
120	11.7341473554694	-8.6824770220458	6.11E+00	7.20569252438721	-0.165604355472834	6.11E+00
130	11.7341473554694	-7.73810538061909	5.10E+00	7.20569252438721	-0.346157146263901	5.10E+00
140	11.7341473554694	-6.91221495811373	4.07E+00	7.20569252438721	-0.572000259406945	4.07E+00
150	11.7341473554694	-6.18521159550204	3.13E+00	7.20569252438721	-0.832966666959368	3.13E+00
160	11.7341473554694	-5.54170364504271	2.35E+00	7.20569252438721	-1.12134963742544	2.35E+00
170	11.7341473554694	-4.96940994308007	1.72E+00	7.20569252438721	-1.43121874574426	1.72E+00
180	11.7341473554694	-4.45839630251857	1.24E+00	7.20569252438721	-1.75795094972752	1.24E+00
190	11.7341473554694	-4.00052956030967	8.84E-01	7.20569252438721	-2.09790175520165	8.84E-01
200	11.7341473554694	-3.58907939846139	6.23E-01	7.20569252438721	-2.44816999495821	6.23E-01
210	11.7341473554694	-3.21842280997866	4.70E-01	7.20569252438721	-2.80642658981939	4.35E-01
220	11.7341473554694	-2.88382129372604	6.56E-01	7.20569252438721	-3.17078792248181	3.02E-01
230	11.7341473554694	-2.58125050525201	8.88E-01	7.20569252438721	-3.53972087916909	2.09E-01
240	11.7341473554694	-2.30726835157876	1.17E+00	7.20569252438721	-3.91197073416139	1.44E-01
250	11.7341473554694	-2.05891167151302	1.50E+00	7.20569252438721	-4.2865057524023	9.91E-02
260	11.7341473554694	-1.83361445262214	1.88E+00	7.20569252438721	-4.6624741899206	6.80E-02
270	11.7341473554694	-1.62914247035239	2.30E+00	7.20569252438721	-5.03917059940439	4.67E-02
280	11.7341473554694	-1.44354058811622	2.77E+00	7.20569252438721	-5.41600919700516	3.20E-02
290	11.7341473554694	-1.27508991810297	3.28E+00	7.20569252438721	-5.79250264201211	2.20E-02
300	11.7341473554694	-1.12227273416978	3.82E+00	7.20569252438721	-6.16824500466873	1.51E-02
310	11.7341473554694	-0.983743532194046	4.39E+00	7.20569252438721	-6.54289800254581	1.04E-02
320	11.7341473554694	-0.858305004865167	4.97E+00	7.20569252438721	-6.91617980824427	7.15E-03
330	11.7341473554694	-0.744887974814438	5.57E+00	7.20569252438721	-7.28785589499007	4.93E-03
340	11.7341473554694	-0.642534538422327	6.17E+00	7.20569252438721	-7.65773150854446	3.40E-03
350	11.7341473554694	-0.550383831007446	6.77E+00	7.20569252438721	-8.02564544536956	2.36E-03
360	11.7341473554694	-0.467659945475854	7.35E+00	7.20569252438721	-8.39146488631953	1.63E-03
370	11.7341473554694	-0.393661630296996	7.92E+00	7.20569252438721	-8.75508108808281	1.14E-03
380	11.7341473554694	-0.327753465703071	8.45E+00	7.20569252438721	-9.11640577535828	7.92E-04
390	11.7341473554694	-0.269358274288354	8.96E+00	7.20569252438721	-9.47536810834619	5.53E-04
400	11.7341473554694	-0.217950567418614	9.44E+00	7.20569252438721	-9.83191212479785	3.87E-04
410	11.7341473554694	-0.173050864812481	9.87E+00	7.20569252438721	-10.1859945752423	2.72E-04
420	11.7341473554694	-0.134220753405475	1.03E+01	7.20569252438721	-10.537583085321	1.91E-04
430	11.7341473554694	-0.101058574729977	1.06E+01	7.20569252438721	-10.8866545913317	1.35E-04
440	11.7341473554694	-0.073195648743559	1.09E+01	7.20569252438721	-11.2331940048112	9.53E-05
450	11.7341473554694	-0.050292957239234	1.12E+01	7.20569252438721	-11.5771930698014	6.76E-05
460	11.7341473554694	-0.032038222389926	1.14E+01	7.20569252438721	-11.9186493827488	4.80E-05
470	11.7341473554694	-0.018143326172993	1.15E+01	7.20569252438721	-12.2575655501078	3.42E-05
480	11.7341473554694	-0.008342024825534	1.16E+01	7.20569252438721	-12.5939484628837	2.44E-05
490	11.7341473554694	-0.002387919441055	1.17E+01	7.20569252438721	-12.9278086707604	1.75E-05
500	11.7341473554694	-5.26496050256633E-05	1.17E+01	7.20569252438721	-13.2591598412627	1.26E-05
510	11.7341473554694	-0.001124281797556	1.17E+01	7.20569252438721	-13.5880182917071	9.05E-06
520	11.7341473554694	-0.005405868339	1.17E+01	7.20569252438721	-13.914402583611	6.53E-06
530	11.7341473554694	-0.01271415605805	1.16E+01	7.20569252438721	-14.2383331708157	4.72E-06
540	11.7341473554694	-0.022878426734006	1.15E+01	7.20569252438721	-14.5598320938998	3.42E-06
550	11.7341473554694	-0.035739453796656	1.13E+01	7.20569252438721	-14.8789227145699	2.49E-06
560	11.7341473554694	-0.051148561832522	1.11E+01	7.20569252438721	-15.1956294846371	1.81E-06
570	11.7341473554694	-0.068966777205807	1.10E+01	7.20569252438721	-15.5099777449734	1.32E-06
580	11.7341473554694	-0.08906405960595	1.07E+01	7.20569252438721	-15.8219935504958	9.69E-07
590	11.7341473554694	-0.111318605622027	1.05E+01	7.20569252438721	-16.1317035177843	7.11E-07
600	11.7341473554694	-0.135616216551338	1.02E+01	7.20569252438721	-16.4391346924118	5.23E-07
610	11.7341473554694	-0.161849723603278	9.98E+00	7.20569252438721	-16.744314433464	3.85E-07
620	11.7341473554694	-0.18991846448338	9.70E+00	7.20569252438721	-17.0472703130704	2.85E-07
630	11.7341473554694	-0.219727806055783	9.42E+00	7.20569252438721	-17.3480300290591	2.11E-07
640	11.7341473554694	-0.251188708401427	9.13E+00	7.20569252438721	-17.6466213290968	1.56E-07
650	11.7341473554694	-0.28421732612788	8.83E+00	7.20569252438721	-17.9430719448921	1.16E-07
660	11.7341473554694	-0.318734643256288	8.53E+00	7.20569252438721	-18.237409535223	8.66E-08
670	11.7341473554694	-0.354666138421216	8.23E+00	7.20569252438721	-18.5296616367078	6.46E-08
680	11.7341473554694	-0.391941477478389	7.93E+00	7.20569252438721	-18.8198556213784	4.83E-08
690	11.7341473554694	-0.430494230930526	7.63E+00	7.20569252438721	-19.1080186602293	3.62E-08
700	11.7341473554694	-0.470261613858529	7.33E+00	7.20569252438721	-19.3941776920223	2.72E-08
710	11.7341473554694	-0.511184246289325	7.04E+00	7.20569252438721	-19.678359396713	2.05E-08
720	11.7341473554694	-0.553205932146959	6.75E+00	7.20569252438721	-19.9605901729453	1.54E-08
730	11.7341473554694	-0.596273455123893	6.46E+00	7.20569252438721	-20.2408961191235	1.17E-08
740	11.7341473554694	-0.64033638997798	6.19E+00	7.20569252438721	-20.5193030176364	8.84E-09
750	11.7341473554694	-0.685346927910106	5.91E+00	7.20569252438721	-20.7958363218512	6.70E-09
760	11.7341473554694	-0.73125971481029	5.65E+00	7.20569252438721	-21.0705211455486	5.09E-09
770	11.7341473554694	-0.778031701278219	5.39E+00	7.20569252438721	-21.3433822545014	3.88E-09
780	11.7341473554694	-0.825622003429543	5.14E+00	7.20569252438721	-21.6144440599401	2.96E-09
790	11.7341473554694	-0.873991773593271	4.90E+00	7.20569252438721	-21.8837306136747	2.26E-09
800	11.7341473554694	-0.923104080089659	4.66E+00	7.20569252438721	-22.1512656046712	1.73E-09
810	11.7341473554694	-0.972923795353211	4.44E+00	7.20569252438721	-22.4170723569023	1.32E-09
820	11.7341473554694	-1.02341749173292	4.22E+00	7.20569252438721	-22.6811738283152	1.02E-09
830	11.7341473554694	-1.07455334436225	4.01E+00	7.20569252438721	-22.9435926107744	7.82E-10
840	11.7341473554694	-1.1263010405461	3.80E+00	7.20569252438721	-23.2043509308564	6.03E-10
850	11.7341473554694	-1.17863169516059	3.61E+00	7.20569252438721	-23.4634706513854	4.65E-10
860	11.7341473554694	-1.2315177716059	3.42E+00	7.20569252438721	-23.7209732736113	3.60E-10
870	11.7341473554694	-1.28493300789227	3.25E+00	7.20569252438721	-23.9768799399453	2.78E-10
880	11.7341473554694	-1.33885234747489	3.08E+00	7.20569252438721	-24.2312114371744	2.16E-10
890	11.7341473554694	-1.39325187448646	2.91E+00	7.20569252438721	-24.4839882000866	1.68E-10
900	11.7341473554694	-1.44810875304512	2.76E+00	7.20569252438721	-24.7352303154479	1.30E-10
910	11.7341473554694	-1.50340117034264	2.61E+00	7.20569252438721	-24.9849575262758	1.02E-10
920	11.7341473554694	-1.55910828324166	2.47E+00	7.20569252438721	-25.2331892363622	7.93E-11
930	11.7341473554694	-1.6152101681329	2.33E+00	7.20569252438721	-25.4799445150037	6.19E-11
940	11.7341473554694	-1.67168777382333	2.21E+00	7.20569252438721	-25.7252421019027	4.85E-11
950	11.7341473554694	-1.72852287724439	2.08E+00	7.20569252438721	-25.9691004122038	3.80E-11
960	11.7341473554694	-1.78569804178613	1.97E+00	7.20569252438721	-26.2115375416397	2.98E-11
970	11.7341473554694	-1.84319657807798	1.86E+00	7.20569252438721	-26.4525712717576	2.34E-11
980	11.7341473554694	-1.90100250705121	1.75E+00	7.20569252438721	-26.6922190752055	1.84E-11
990	11.7341473554694	-1.95910052513007	1.65E+00	7.20569252438721	-26.9304981210568	1.45E-11
1000	11.7341473554694	-2.01747597141085	1.56E+00	7.20569252438721	-27.1674252801569	1.15E-11
